{"actions": [0.21784496307373047, 0.5589780807495117, 0.75, 0.6812025308609009, 0.75, 0.75, 0.75, 0.3297657370567322, 0.3392404317855835, 0.19630292057991028, 0.255691260099411, 0.648628830909729, 0.1477399468421936, 0.40741023421287537, 0.7076058387756348, 0.8, 0.6151236891746521, 0.3122071623802185, 0.0913754403591156, 0.1870044469833374, 0.8, 0.3324628174304962, 0.7053923010826111, 0.8, 0.34594881534576416, 0.53125, 0.0], "reward": 0.8371999999983256}